time,temperature,humidity,pressure,wind_speed,pm2_5,pm10,no2,temp_24h_ma,pm2_5_24h_ma,date,hour
2026-09-24 00:00:00,26.0,94,1003.0,16.8,3.4,4.0,4.2,26.0,3.4,2026-09-24,0
2026-09-24 01:00:00,25.8,96,1004.1,16.7,4.7,5.2,4.5,25.9,4.05,2026-09-24,1
2026-09-24 02:00:00,25.9,94,1004.8,17.0,5.5,6.2,4.8,25.900000000000002,4.533333333333334,2026-09-24,2
2026-09-24 03:00:00,27.0,92,1005.6,13.4,5.9,6.9,4.8,26.175,4.875,2026-09-24,3
2026-09-24 04:00:00,26.2,91,1005.8,15.8,5.4,6.5,4.1,26.18,4.98,2026-09-24,4
2026-09-24 05:00:00,27.8,90,1005.1,12.8,5.4,6.4,3.0,26.45,5.05,2026-09-24,5
2026-09-24 06:00:00,30.1,76,1004.2,15.7,5.1,6.4,2.4,26.97142857142857,5.057142857142857,2026-09-24,6
2026-09-24 07:00:00,29.4,81,1003.1,16.3,5.0,6.2,2.6,27.275,5.05,2026-09-24,7
2026-09-24 08:00:00,27.6,86,1002.7,15.2,5.8,7.0,3.3,27.311111111111114,5.133333333333334,2026-09-24,8
2026-09-24 09:00:00,27.0,90,1002.5,15.2,6.2,7.3,4.0,27.28,5.24,2026-09-24,9
2026-09-24 10:00:00,27.3,90,1002.2,12.7,5.9,7.0,4.8,27.281818181818185,5.300000000000001,2026-09-24,10
2026-09-24 11:00:00,25.6,95,1002.7,14.9,5.1,6.1,5.7,27.141666666666666,5.283333333333333,2026-09-24,11
2026-09-24 12:00:00,25.8,93,1003.1,14.8,5.5,6.6,6.4,27.03846153846154,5.300000000000001,2026-09-24,12
2026-09-24 13:00:00,25.5,95,1003.9,16.2,6.7,8.0,6.7,26.928571428571427,5.3999999999999995,2026-09-24,13
2026-09-24 14:00:00,25.6,94,1004.8,16.5,8.0,9.6,6.8,26.84,5.573333333333333,2026-09-24,14
2026-09-24 15:00:00,25.8,94,1005.3,16.9,8.4,10.2,6.6,26.775,5.75,2026-09-24,15
2026-09-24 16:00:00,25.6,95,1005.6,16.3,7.9,9.8,6.1,26.705882352941178,5.876470588235295,2026-09-24,16
2026-09-24 17:00:00,25.3,96,1005.8,15.4,7.1,8.8,5.4,26.62777777777778,5.944444444444445,2026-09-24,17
2026-09-24 18:00:00,25.4,96,1004.8,17.5,5.6,7.0,4.8,26.563157894736843,5.9263157894736835,2026-09-24,18
2026-09-24 19:00:00,24.9,96,1004.6,16.6,4.8,6.0,4.4,26.48,5.87,2026-09-24,19
2026-09-24 20:00:00,24.7,96,1004.1,15.7,4.4,5.4,4.1,26.395238095238092,5.8,2026-09-24,20
2026-09-24 21:00:00,24.9,96,1003.6,16.4,3.9,4.7,4.0,26.327272727272728,5.713636363636364,2026-09-24,21
2026-09-24 22:00:00,24.9,97,1003.3,16.0,3.5,4.2,4.1,26.26521739130435,5.617391304347826,2026-09-24,22
2026-09-24 23:00:00,25.2,96,1003.6,16.7,3.7,4.4,4.3,26.22083333333333,5.5375000000000005,2026-09-24,23
2026-09-25 00:00:00,25.0,97,1004.3,15.9,4.1,4.6,4.6,26.179166666666664,5.566666666666666,2026-09-25,0
2026-09-25 01:00:00,24.9,96,1005.2,17.5,5.4,5.8,4.9,26.14166666666667,5.595833333333334,2026-09-25,1
2026-09-25 02:00:00,25.5,94,1006.1,19.7,5.0,5.4,5.2,26.125,5.575,2026-09-25,2
2026-09-25 03:00:00,25.8,94,1006.8,18.7,6.4,7.0,5.2,26.075,5.595833333333334,2026-09-25,3
2026-09-25 04:00:00,27.0,88,1006.6,15.0,6.2,7.4,4.5,26.108333333333334,5.629166666666666,2026-09-25,4
2026-09-25 05:00:00,29.0,79,1006.1,21.1,6.4,7.7,3.4,26.15833333333333,5.670833333333333,2026-09-25,5
2026-09-25 06:00:00,27.1,89,1005.1,18.1,6.2,7.3,2.7,26.033333333333335,5.716666666666666,2026-09-25,6
2026-09-25 07:00:00,28.8,82,1003.8,21.8,6.5,8.2,2.6,26.00833333333333,5.779166666666666,2026-09-25,7
2026-09-25 08:00:00,28.9,80,1002.6,21.5,8.0,9.4,2.8,26.0625,5.870833333333334,2026-09-25,8
2026-09-25 09:00:00,29.2,77,1001.8,20.0,8.5,10.2,3.5,26.15416666666667,5.966666666666666,2026-09-25,9
2026-09-25 10:00:00,29.2,78,1001.8,17.8,8.6,10.6,5.0,26.233333333333334,6.079166666666666,2026-09-25,10
2026-09-25 11:00:00,27.3,87,1002.8,16.1,9.0,10.9,6.9,26.304166666666664,6.241666666666667,2026-09-25,11
2026-09-25 12:00:00,26.6,90,1003.5,15.5,10.0,11.7,8.3,26.337500000000002,6.429166666666667,2026-09-25,12
2026-09-25 13:00:00,26.9,89,1004.6,15.6,11.0,12.7,8.7,26.395833333333332,6.608333333333334,2026-09-25,13
2026-09-25 14:00:00,25.9,91,1006.0,15.1,11.6,13.4,8.5,26.40833333333333,6.758333333333334,2026-09-25,14
2026-09-25 15:00:00,25.1,96,1006.7,16.0,11.7,13.6,8.1,26.379166666666666,6.895833333333333,2026-09-25,15
2026-09-25 16:00:00,25.3,96,1006.4,14.1,11.6,13.5,7.4,26.366666666666664,7.05,2026-09-25,16
2026-09-25 17:00:00,25.3,95,1006.3,13.2,9.8,11.8,6.6,26.36666666666667,7.1625000000000005,2026-09-25,17
2026-09-25 18:00:00,25.6,96,1006.2,16.1,8.3,10.1,5.8,26.375,7.275000000000001,2026-09-25,18
2026-09-25 19:00:00,25.4,96,1005.6,15.3,7.9,9.7,5.2,26.395833333333332,7.404166666666666,2026-09-25,19
2026-09-25 20:00:00,25.2,97,1005.4,14.9,7.4,9.3,4.8,26.416666666666668,7.529166666666666,2026-09-25,20
2026-09-25 21:00:00,25.2,96,1005.3,13.2,6.8,8.5,4.6,26.429166666666664,7.650000000000001,2026-09-25,21
2026-09-25 22:00:00,25.4,96,1005.3,14.3,6.7,8.3,4.9,26.45,7.783333333333334,2026-09-25,22
2026-09-25 23:00:00,24.6,97,1005.8,12.3,6.8,8.4,5.5,26.425,7.9125000000000005,2026-09-25,23
2026-09-26 00:00:00,24.6,98,1006.5,14.9,7.2,8.7,5.7,26.408333333333335,8.041666666666666,2026-09-26,0
2026-09-26 01:00:00,25.1,96,1007.2,14.0,8.7,10.2,5.2,26.416666666666668,8.179166666666667,2026-09-26,1
2026-09-26 02:00:00,27.0,89,1007.8,13.9,8.5,10.2,4.4,26.479166666666668,8.325000000000001,2026-09-26,2
2026-09-26 03:00:00,28.1,83,1008.2,15.2,8.1,10.2,3.6,26.575,8.395833333333334,2026-09-26,3
2026-09-26 04:00:00,29.3,81,1008.1,15.0,7.5,9.5,3.0,26.670833333333334,8.450000000000001,2026-09-26,4
2026-09-26 05:00:00,29.6,78,1007.8,16.2,7.9,10.1,2.5,26.695833333333336,8.512500000000001,2026-09-26,5
2026-09-26 06:00:00,29.1,80,1006.8,10.1,8.4,10.5,2.2,26.779166666666665,8.604166666666666,2026-09-26,6
2026-09-26 07:00:00,28.4,82,1005.8,15.5,9.2,11.1,2.0,26.762500000000003,8.716666666666667,2026-09-26,7
2026-09-26 08:00:00,30.2,77,1004.4,13.4,9.6,11.5,2.1,26.816666666666666,8.783333333333333,2026-09-26,8
2026-09-26 09:00:00,30.1,79,1004.1,11.8,10.1,12.3,2.9,26.854166666666668,8.85,2026-09-26,9
2026-09-26 10:00:00,30.0,77,1004.2,13.8,10.7,13.1,5.0,26.8875,8.9375,2026-09-26,10
2026-09-26 11:00:00,29.6,78,1004.4,11.2,11.5,13.6,7.8,26.983333333333334,9.041666666666666,2026-09-26,11
2026-09-26 12:00:00,28.8,83,1004.8,7.1,13.6,15.4,9.9,27.075,9.191666666666668,2026-09-26,12
2026-09-26 13:00:00,28.2,86,1005.4,7.7,15.7,17.6,10.6,27.129166666666666,9.387500000000001,2026-09-26,13
2026-09-26 14:00:00,27.8,88,1006.5,6.8,16.9,18.8,10.5,27.208333333333332,9.608333333333333,2026-09-26,14
2026-09-26 15:00:00,27.3,89,1007.4,6.7,17.6,19.7,10.3,27.3,9.854166666666666,2026-09-26,15
2026-09-26 16:00:00,27.0,91,1007.5,7.2,18.7,21.0,10.2,27.370833333333337,10.15,2026-09-26,16
2026-09-26 17:00:00,26.8,92,1007.3,8.3,18.7,21.1,9.9,27.433333333333334,10.520833333333334,2026-09-26,17
2026-09-26 18:00:00,26.6,94,1007.0,7.6,17.4,19.8,9.7,27.474999999999998,10.899999999999999,2026-09-26,18
2026-09-26 19:00:00,26.5,95,1006.7,6.4,16.9,19.4,9.5,27.520833333333332,11.275,2026-09-26,19
2026-09-26 20:00:00,26.4,95,1006.5,5.9,16.4,19.0,9.3,27.570833333333336,11.649999999999999,2026-09-26,20
2026-09-26 21:00:00,26.3,95,1006.2,5.3,16.2,18.9,9.6,27.616666666666664,12.041666666666666,2026-09-26,21
2026-09-26 22:00:00,26.3,95,1005.9,4.7,16.8,19.6,11.0,27.65416666666667,12.462499999999999,2026-09-26,22
2026-09-26 23:00:00,26.0,96,1005.8,4.0,17.4,20.2,12.9,27.712500000000002,12.904166666666667,2026-09-26,23
2026-09-27 00:00:00,25.9,96,1006.2,3.5,18.6,21.5,13.3,27.766666666666666,13.379166666666665,2026-09-27,0
2026-09-27 01:00:00,26.6,94,1007.1,3.6,21.7,24.4,11.1,27.829166666666666,13.920833333333333,2026-09-27,1
2026-09-27 02:00:00,27.7,89,1008.1,5.2,19.7,24.0,7.4,27.85833333333333,14.387499999999998,2026-09-27,2
2026-09-27 03:00:00,28.9,82,1008.4,6.8,19.4,24.8,4.5,27.89166666666667,14.858333333333334,2026-09-27,3
2026-09-27 04:00:00,29.9,77,1008.1,6.3,20.0,26.1,3.1,27.916666666666668,15.379166666666668,2026-09-27,4
2026-09-27 05:00:00,30.7,73,1007.6,5.6,20.5,26.7,2.4,27.962499999999995,15.904166666666667,2026-09-27,5
2026-09-27 06:00:00,31.5,68,1006.7,4.0,21.1,27.4,2.1,28.0625,16.433333333333334,2026-09-27,6
2026-09-27 07:00:00,32.1,65,1005.4,3.8,19.4,24.2,1.7,28.216666666666665,16.858333333333334,2026-09-27,7
2026-09-27 08:00:00,32.5,62,1004.3,4.3,20.1,24.8,1.5,28.3125,17.29583333333333,2026-09-27,8
2026-09-27 09:00:00,32.4,62,1003.6,5.2,22.2,27.2,2.8,28.40833333333333,17.8,2026-09-27,9
2026-09-27 10:00:00,32.1,63,1003.2,5.5,22.6,27.5,6.6,28.495833333333334,18.29583333333333,2026-09-27,10
2026-09-27 11:00:00,31.2,70,1003.2,5.4,21.1,25.3,11.9,28.5625,18.695833333333333,2026-09-27,11
2026-09-27 12:00:00,29.8,79,1003.4,4.3,29.0,32.4,15.7,28.604166666666668,19.337500000000002,2026-09-27,12
2026-09-27 13:00:00,29.2,82,1004.0,3.7,38.3,41.4,17.0,28.645833333333332,20.279166666666665,2026-09-27,13
2026-09-27 14:00:00,28.7,84,1004.7,3.5,40.0,42.8,17.0,28.683333333333334,21.241666666666664,2026-09-27,14
2026-09-27 15:00:00,28.2,87,1005.4,3.5,35.0,37.1,16.4,28.72083333333333,21.966666666666665,2026-09-27,15
2026-09-27 16:00:00,27.9,88,1005.8,2.9,31.5,33.3,15.1,28.75833333333333,22.5,2026-09-27,16
2026-09-27 17:00:00,27.6,89,1005.5,2.8,30.4,31.9,13.3,28.791666666666668,22.9875,2026-09-27,17
2026-09-27 18:00:00,27.4,90,1005.0,2.9,30.2,31.5,12.1,28.825,23.520833333333332,2026-09-27,18
2026-09-27 19:00:00,27.0,93,1004.5,3.1,31.2,32.6,11.9,28.84583333333333,24.116666666666664,2026-09-27,19
2026-09-27 20:00:00,26.5,94,1004.3,3.1,32.5,33.9,12.4,28.849999999999998,24.787499999999998,2026-09-27,20
2026-09-27 21:00:00,26.1,96,1004.2,3.1,33.8,35.2,13.4,28.841666666666665,25.520833333333332,2026-09-27,21
2026-09-27 22:00:00,25.7,96,1004.2,2.8,35.5,37.0,15.7,28.816666666666666,26.3,2026-09-27,22
2026-09-27 23:00:00,25.4,97,1004.8,3.3,37.8,39.5,18.4,28.791666666666668,27.150000000000002,2026-09-27,23
2026-09-28 00:00:00,25.1,95,1005.7,3.4,41.4,43.1,19.3,28.758333333333336,28.099999999999998,2026-09-28,0
2026-09-28 01:00:00,26.0,90,1006.4,3.7,43.7,45.2,16.6,28.733333333333334,29.016666666666666,2026-09-28,1
2026-09-28 02:00:00,27.5,84,1007.0,4.0,38.5,40.3,12.1,28.725000000000005,29.8,2026-09-28,2
2026-09-28 03:00:00,28.8,78,1007.4,4.4,34.0,35.6,8.3,28.72083333333333,30.408333333333335,2026-09-28,3
2026-09-28 04:00:00,30.0,72,1007.2,5.6,33.1,34.7,6.2,28.724999999999998,30.95416666666667,2026-09-28,4
2026-09-28 05:00:00,31.0,65,1006.7,7.1,33.8,35.4,4.8,28.7375,31.508333333333336,2026-09-28,5
2026-09-28 06:00:00,31.8,61,1006.1,8.0,35.5,37.0,3.9,28.75,32.108333333333334,2026-09-28,6
2026-09-28 07:00:00,32.1,59,1005.2,8.2,36.7,38.2,2.9,28.75,32.82916666666667,2026-09-28,7
2026-09-28 08:00:00,32.2,59,1004.3,8.1,38.2,39.5,2.4,28.7375,33.583333333333336,2026-09-28,8
2026-09-28 09:00:00,32.0,60,1003.6,7.4,39.5,40.9,4.4,28.720833333333335,34.30416666666667,2026-09-28,9
2026-09-28 10:00:00,31.5,65,1003.3,5.7,40.2,41.4,11.0,28.695833333333336,35.0375,2026-09-28,10
2026-09-28 11:00:00,30.6,71,1003.4,3.4,45.8,46.8,20.1,28.670833333333334,36.06666666666667,2026-09-28,11
2026-09-28 12:00:00,29.9,76,1003.9,1.5,57.2,58.2,27.8,28.675,37.24166666666667,2026-09-28,12
2026-09-28 13:00:00,29.4,79,1004.9,0.6,79.2,80.3,33.0,28.683333333333334,38.94583333333333,2026-09-28,13
2026-09-28 14:00:00,28.9,81,1006.2,0.3,97.8,99.0,36.7,28.691666666666666,41.354166666666664,2026-09-28,14
2026-09-28 15:00:00,28.5,82,1007.1,0.0,95.0,95.9,38.4,28.704166666666666,43.854166666666664,2026-09-28,15
2026-09-28 16:00:00,28.2,84,1007.4,0.4,89.4,90.3,36.9,28.71666666666667,46.26666666666667,2026-09-28,16
2026-09-28 17:00:00,27.8,87,1007.3,0.8,88.7,89.6,33.3,28.724999999999998,48.69583333333333,2026-09-28,17
2026-09-28 18:00:00,27.5,88,1007.2,1.3,86.4,87.3,30.0,28.729166666666668,51.0375,2026-09-28,18
2026-09-28 19:00:00,27.2,89,1007.0,2.0,85.9,86.8,27.8,28.7375,53.31666666666667,2026-09-28,19
2026-09-28 20:00:00,26.9,91,1006.8,2.9,86.8,87.8,25.9,28.754166666666666,55.57916666666667,2026-09-28,20
2026-09-28 21:00:00,26.6,91,1006.7,3.6,87.3,88.2,24.1,28.775000000000002,57.80833333333334,2026-09-28,21
2026-09-28 22:00:00,26.3,92,1006.9,3.9,86.8,87.8,22.4,28.799999999999997,59.94583333333333,2026-09-28,22
2026-09-28 23:00:00,25.9,93,1007.4,4.0,85.7,86.4,20.8,28.82083333333333,61.94166666666667,2026-09-28,23
2026-09-29 00:00:00,26.0,92,1007.9,4.0,87.3,88.2,19.7,28.85833333333333,63.854166666666664,2026-09-29,0
2026-09-29 01:00:00,26.9,89,1008.7,3.7,87.3,88.2,19.7,28.895833333333332,65.67083333333333,2026-09-29,1
2026-09-29 02:00:00,28.3,85,1009.5,3.1,87.3,88.2,19.7,28.929166666666664,67.70416666666667,2026-09-29,2
2026-09-29 03:00:00,29.5,80,1010.0,3.1,87.3,88.2,19.7,28.958333333333332,69.925,2026-09-29,3
2026-09-29 04:00:00,30.6,73,1009.8,4.4,87.3,88.2,19.7,28.983333333333334,72.18333333333334,2026-09-29,4
2026-09-29 05:00:00,31.7,67,1009.1,6.6,87.3,88.2,19.7,29.0125,74.41250000000001,2026-09-29,5
2026-09-29 06:00:00,32.4,62,1008.3,8.0,87.3,88.2,19.7,29.037500000000005,76.57083333333334,2026-09-29,6
2026-09-29 07:00:00,32.8,60,1007.3,8.3,87.3,88.2,19.7,29.066666666666666,78.67916666666666,2026-09-29,7
2026-09-29 08:00:00,32.9,59,1006.2,8.0,87.3,88.2,19.7,29.09583333333333,80.72500000000001,2026-09-29,8
2026-09-29 09:00:00,32.7,60,1005.4,7.4,87.3,88.2,19.7,29.125,82.71666666666667,2026-09-29,9
2026-09-29 10:00:00,32.0,65,1005.0,6.4,87.3,88.2,19.7,29.145833333333332,84.67916666666666,2026-09-29,10
2026-09-29 11:00:00,30.9,72,1005.1,4.8,87.3,88.2,19.7,29.15833333333333,86.40833333333335,2026-09-29,11
2026-09-29 12:00:00,30.0,79,1005.4,3.4,87.3,88.2,19.7,29.162499999999998,87.66250000000001,2026-09-29,12
2026-09-29 13:00:00,29.4,82,1006.2,2.0,87.3,88.2,19.7,29.162499999999998,88.0,2026-09-29,13
2026-09-29 14:00:00,29.0,85,1007.3,1.4,87.3,88.2,19.7,29.166666666666668,87.5625,2026-09-29,14
2026-09-29 15:00:00,28.7,86,1008.1,2.0,87.3,88.2,19.7,29.175,87.24166666666666,2026-09-29,15
2026-09-29 16:00:00,28.5,87,1008.4,2.8,87.3,88.2,19.7,29.1875,87.15416666666665,2026-09-29,16
2026-09-29 17:00:00,28.4,86,1008.5,3.3,87.3,88.2,19.7,29.212500000000002,87.09583333333335,2026-09-29,17
2026-09-29 18:00:00,28.2,86,1008.4,3.5,87.3,88.2,19.7,29.24166666666667,87.13333333333333,2026-09-29,18
2026-09-29 19:00:00,27.8,88,1008.1,3.6,87.3,88.2,19.7,29.266666666666666,87.19166666666666,2026-09-29,19
2026-09-29 20:00:00,27.3,90,1007.8,4.6,87.3,88.2,19.7,29.28333333333333,87.21249999999999,2026-09-29,20
2026-09-29 21:00:00,26.8,91,1007.6,5.7,87.3,88.2,19.7,29.291666666666668,87.21249999999999,2026-09-29,21
2026-09-29 22:00:00,26.3,91,1007.8,6.3,87.3,88.2,19.7,29.291666666666668,87.23333333333333,2026-09-29,22
2026-09-29 23:00:00,25.8,91,1008.1,6.7,87.3,88.2,19.7,29.287500000000005,87.3,2026-09-29,23
2026-09-30 00:00:00,25.7,90,1008.6,6.6,87.3,88.2,19.7,29.275000000000002,87.3,2026-09-30,0
2026-09-30 01:00:00,26.5,87,1009.4,6.1,87.3,88.2,19.7,29.25833333333333,87.3,2026-09-30,1
2026-09-30 02:00:00,27.7,84,1010.3,5.5,87.3,88.2,19.7,29.233333333333334,87.3,2026-09-30,2
2026-09-30 03:00:00,28.9,80,1010.8,5.5,87.3,88.2,19.7,29.208333333333332,87.3,2026-09-30,3
2026-09-30 04:00:00,30.1,74,1010.5,5.9,87.3,88.2,19.7,29.1875,87.3,2026-09-30,4
2026-09-30 05:00:00,31.3,69,1009.8,6.2,87.3,88.2,19.7,29.170833333333334,87.3,2026-09-30,5
2026-09-30 06:00:00,32.1,65,1009.3,6.5,87.3,88.2,19.7,29.15833333333333,87.3,2026-09-30,6
2026-09-30 07:00:00,32.6,64,1008.9,6.6,87.3,88.2,19.7,29.150000000000002,87.3,2026-09-30,7
2026-09-30 08:00:00,32.4,66,1008.4,6.1,87.3,88.2,19.7,29.129166666666666,87.3,2026-09-30,8
2026-09-30 09:00:00,32.0,69,1007.8,5.2,87.3,88.2,19.7,29.099999999999998,87.3,2026-09-30,9
2026-09-30 10:00:00,31.5,72,1007.2,4.2,87.3,88.2,19.7,29.079166666666666,87.3,2026-09-30,10
2026-09-30 11:00:00,30.9,76,1006.8,3.3,87.3,88.2,19.7,29.079166666666666,87.3,2026-09-30,11
2026-09-30 12:00:00,30.5,79,1006.6,2.6,87.3,88.2,19.7,29.099999999999998,87.3,2026-09-30,12
2026-09-30 13:00:00,30.1,81,1006.8,2.2,87.3,88.2,19.7,29.129166666666666,87.3,2026-09-30,13
2026-09-30 14:00:00,29.6,83,1007.2,2.3,87.3,88.2,19.7,29.15416666666667,87.3,2026-09-30,14
2026-09-30 15:00:00,29.1,85,1007.7,3.1,87.3,88.2,19.7,29.170833333333334,87.3,2026-09-30,15
2026-09-30 16:00:00,28.7,87,1008.3,4.2,87.3,88.2,19.7,29.179166666666664,87.3,2026-09-30,16
2026-09-30 17:00:00,28.2,89,1008.9,5.0,87.3,88.2,19.7,29.170833333333334,87.3,2026-09-30,17
2026-09-30 18:00:00,27.9,91,1009.2,5.4,87.3,88.2,19.7,29.15833333333333,87.3,2026-09-30,18
2026-09-30 19:00:00,27.5,93,1009.4,5.2,87.3,88.2,19.7,29.145833333333332,87.3,2026-09-30,19
2026-09-30 20:00:00,27.1,95,1009.4,4.8,87.3,88.2,19.7,29.137500000000003,87.3,2026-09-30,20
2026-09-30 21:00:00,26.7,97,1009.4,4.4,87.3,88.2,19.7,29.13333333333333,87.3,2026-09-30,21
2026-09-30 22:00:00,26.5,98,1009.3,3.8,87.3,88.2,19.7,29.141666666666666,87.3,2026-09-30,22
2026-09-30 23:00:00,26.4,98,1009.3,3.6,87.3,88.2,19.7,29.166666666666668,87.3,2026-09-30,23
